ticker,board
AALI,UTAMA
ABBA,PEMANTAUAN KHUSUS
ABDA,PEMANTAUAN KHUSUS
ABMM,UTAMA
ACES,UTAMA
ACST,PENGEMBANGAN
ADES,PENGEMBANGAN
ADHI,UTAMA
ADMF,PENGEMBANGAN
ADMG,PENGEMBANGAN
ADRO,UTAMA
AGII,PENGEMBANGAN
AGRO,UTAMA
AGRS,PENGEMBANGAN
AHAP,PENGEMBANGAN
AIMS,PENGEMBANGAN
AISA,UTAMA
AKKU,PEMANTAUAN KHUSUS
AKPI,PENGEMBANGAN
AKRA,UTAMA
AKSI,PENGEMBANGAN
ALDO,PENGEMBANGAN
ALKA,PENGEMBANGAN
ALMI,PEMANTAUAN KHUSUS
ALTO,PEMANTAUAN KHUSUS
AMAG,PENGEMBANGAN
AMFG,PENGEMBANGAN
AMIN,PENGEMBANGAN
AMRT,UTAMA
ANJT,PENGEMBANGAN
ANTM,UTAMA
APEX,PENGEMBANGAN
APIC,PENGEMBANGAN
APII,PENGEMBANGAN
APLI,PENGEMBANGAN
APLN,UTAMA
ARGO,PENGEMBANGAN
ARII,PENGEMBANGAN
ARNA,UTAMA
ARTA,PENGEMBANGAN
ARTI,PEMANTAUAN KHUSUS
ARTO,UTAMA
ASBI,PENGEMBANGAN
ASDM,PENGEMBANGAN
ASGR,UTAMA
ASII,UTAMA
ASJT,PENGEMBANGAN
ASMI,PEMANTAUAN KHUSUS
ASRI,UTAMA
ASRM,PENGEMBANGAN
ASSA,UTAMA
ATIC,PENGEMBANGAN
AUTO,UTAMA
BABP,PENGEMBANGAN
BACA,UTAMA
BAJA,PENGEMBANGAN
BALI,UTAMA
BAPA,PENGEMBANGAN
BATA,PEMANTAUAN KHUSUS
BAYU,UTAMA
BBCA,UTAMA
BBHI,UTAMA
BBKP,PENGEMBANGAN
BBLD,PENGEMBANGAN
BBMD,PENGEMBANGAN
BBNI,UTAMA
BBRI,UTAMA
BBRM,PENGEMBANGAN
BBTN,UTAMA
BBYB,UTAMA
BCAP,UTAMA
BCIC,PENGEMBANGAN
BCIP,PENGEMBANGAN
BDMN,UTAMA
BEKS,PEMANTAUAN KHUSUS
BEST,UTAMA
BFIN,UTAMA
BGTG,UTAMA
BHIT,PEMANTAUAN KHUSUS
BIKA,PEMANTAUAN KHUSUS
BIMA,PEMANTAUAN KHUSUS
BINA,UTAMA
BIPI,PENGEMBANGAN
BIPP,PEMANTAUAN KHUSUS
BIRD,UTAMA
BISI,UTAMA
BJBR,UTAMA
BJTM,UTAMA
BKDP,PEMANTAUAN KHUSUS
BKSL,UTAMA
BKSW,PENGEMBANGAN
BLTA,PEMANTAUAN KHUSUS
BLTZ,PEMANTAUAN KHUSUS
BMAS,PENGEMBANGAN
BMRI,UTAMA
BMSR,PENGEMBANGAN
BMTR,UTAMA
BNBA,PENGEMBANGAN
BNBR,PEMANTAUAN KHUSUS
BNGA,UTAMA
BNII,UTAMA
BNLI,UTAMA
BOLT,PENGEMBANGAN
BPFI,PENGEMBANGAN
BPII,PENGEMBANGAN
BRAM,PENGEMBANGAN
BRMS,UTAMA
BRNA,PENGEMBANGAN
BRPT,UTAMA
BSDE,UTAMA
BSIM,UTAMA
BSSR,PENGEMBANGAN
BSWD,PEMANTAUAN KHUSUS
BTEK,PEMANTAUAN KHUSUS
BTEL,PEMANTAUAN KHUSUS
BTON,PENGEMBANGAN
BTPN,UTAMA
BUDI,UTAMA
BUKK,UTAMA
BULL,PENGEMBANGAN
BUMI,UTAMA
BUVA,PENGEMBANGAN
BVIC,UTAMA
BWPT,UTAMA
BYAN,UTAMA
CANI,PEMANTAUAN KHUSUS
CASS,UTAMA
CEKA,PENGEMBANGAN
CENT,PENGEMBANGAN
CFIN,UTAMA
CINT,PENGEMBANGAN
CITA,UTAMA
CLPI,PENGEMBANGAN
CMNP,UTAMA
CMPP,PEMANTAUAN KHUSUS
CNKO,PEMANTAUAN KHUSUS
CNTX,PEMANTAUAN KHUSUS
COWL,PEMANTAUAN KHUSUS
CPIN,UTAMA
CPRO,PENGEMBANGAN
CSAP,PENGEMBANGAN
CTBN,PENGEMBANGAN
CTRA,UTAMA
CTTH,PENGEMBANGAN
DART,PENGEMBANGAN
DEFI,PENGEMBANGAN
DEWA,UTAMA
DGIK,PENGEMBANGAN
DILD,UTAMA
DKFT,PENGEMBANGAN
DLTA,UTAMA
DMAS,UTAMA
DNAR,PENGEMBANGAN
DNET,UTAMA
DOID,UTAMA
DPNS,PENGEMBANGAN
DSFI,PENGEMBANGAN
DSNG,UTAMA
DSSA,UTAMA
DUTI,PENGEMBANGAN
DVLA,PENGEMBANGAN
DYAN,PENGEMBANGAN
ECII,PENGEMBANGAN
EKAD,PENGEMBANGAN
ELSA,UTAMA
ELTY,PEMANTAUAN KHUSUS
EMDE,PENGEMBANGAN
EMTK,UTAMA
ENRG,UTAMA
EPMT,PENGEMBANGAN
ERAA,UTAMA
ERTX,PENGEMBANGAN
ESSA,UTAMA
ESTI,PENGEMBANGAN
ETWA,PEMANTAUAN KHUSUS
EXCL,UTAMA
FAST,PENGEMBANGAN
FASW,PEMANTAUAN KHUSUS
FISH,PENGEMBANGAN
FMII,PENGEMBANGAN
FORU,PENGEMBANGAN
FPNI,PENGEMBANGAN
GAMA,PEMANTAUAN KHUSUS
GDST,PENGEMBANGAN
GDYR,PENGEMBANGAN
GEMA,PENGEMBANGAN
GEMS,UTAMA
GGRM,UTAMA
GIAA,PEMANTAUAN KHUSUS
GJTL,UTAMA
GLOB,PEMANTAUAN KHUSUS
GMTD,PENGEMBANGAN
GOLD,PENGEMBANGAN
GOLL,PEMANTAUAN KHUSUS
GPRA,PENGEMBANGAN
GSMF,PENGEMBANGAN
GTBO,PENGEMBANGAN
GWSA,UTAMA
GZCO,PENGEMBANGAN
HADE,PEMANTAUAN KHUSUS
HDFA,PENGEMBANGAN
HERO,PENGEMBANGAN
HEXA,UTAMA
HITS,PEMANTAUAN KHUSUS
HMSP,UTAMA
HOME,PEMANTAUAN KHUSUS
HOTL,PEMANTAUAN KHUSUS
HRUM,UTAMA
IATA,PENGEMBANGAN
IBFN,PEMANTAUAN KHUSUS
IBST,PEMANTAUAN KHUSUS
ICBP,UTAMA
ICON,PEMANTAUAN KHUSUS
IGAR,PENGEMBANGAN
IIKP,PEMANTAUAN KHUSUS
IKAI,PEMANTAUAN KHUSUS
IKBI,PENGEMBANGAN
IMAS,UTAMA
IMJS,PENGEMBANGAN
IMPC,UTAMA
INAF,PEMANTAUAN KHUSUS
INAI,PENGEMBANGAN
INCI,PENGEMBANGAN
INCO,UTAMA
INDF,UTAMA
INDR,PENGEMBANGAN
INDS,PENGEMBANGAN
INDX,PENGEMBANGAN
INDY,UTAMA
INKP,UTAMA
INPC,UTAMA
INPP,PENGEMBANGAN
INRU,PENGEMBANGAN
INTA,PEMANTAUAN KHUSUS
INTD,PENGEMBANGAN
INTP,UTAMA
IPOL,PENGEMBANGAN
ISAT,UTAMA
ISSP,UTAMA
ITMA,PENGEMBANGAN
ITMG,UTAMA
JAWA,PENGEMBANGAN
JECC,PENGEMBANGAN
JIHD,PENGEMBANGAN
JKON,UTAMA
JPFA,UTAMA
JRPT,UTAMA
JSMR,UTAMA
JSPT,PENGEMBANGAN
JTPE,UTAMA
KAEF,PENGEMBANGAN
KARW,PEMANTAUAN KHUSUS
KBLI,UTAMA
KBLM,PENGEMBANGAN
KBLV,PENGEMBANGAN
KBRI,PEMANTAUAN KHUSUS
KDSI,PENGEMBANGAN
KIAS,PEMANTAUAN KHUSUS
KICI,PENGEMBANGAN
KIJA,UTAMA
KKGI,UTAMA
KLBF,UTAMA
KOBX,PENGEMBANGAN
KOIN,PEMANTAUAN KHUSUS
KONI,PENGEMBANGAN
KOPI,PENGEMBANGAN
KPIG,UTAMA
KRAS,PENGEMBANGAN
KREN,PEMANTAUAN KHUSUS
LAPD,PENGEMBANGAN
LCGP,PEMANTAUAN KHUSUS
LEAD,PENGEMBANGAN
LINK,PENGEMBANGAN
LION,PENGEMBANGAN
LMAS,PEMANTAUAN KHUSUS
LMPI,PENGEMBANGAN
LMSH,PEMANTAUAN KHUSUS
LPCK,PENGEMBANGAN
LPGI,PENGEMBANGAN
LPIN,PENGEMBANGAN
LPKR,UTAMA
LPLI,PENGEMBANGAN
LPPF,UTAMA
LPPS,PENGEMBANGAN
LRNA,PENGEMBANGAN
LSIP,UTAMA
LTLS,UTAMA
MAGP,PEMANTAUAN KHUSUS
MAIN,UTAMA
MAPI,UTAMA
MAYA,UTAMA
MBAP,PENGEMBANGAN
MBSS,UTAMA
MBTO,PENGEMBANGAN
MCOR,UTAMA
MDIA,PEMANTAUAN KHUSUS
MDKA,UTAMA
MDLN,PENGEMBANGAN
MDRN,PEMANTAUAN KHUSUS
MEDC,UTAMA
MEGA,UTAMA
MERK,PENGEMBANGAN
META,PEMANTAUAN KHUSUS
MFMI,PEMANTAUAN KHUSUS
MGNA,PENGEMBANGAN
MICE,PENGEMBANGAN
MIDI,UTAMA
MIKA,UTAMA
MIRA,PEMANTAUAN KHUSUS
MITI,PENGEMBANGAN
MKPI,PENGEMBANGAN
MLBI,UTAMA
MLIA,UTAMA
MLPL,UTAMA
MLPT,PENGEMBANGAN
MMLP,UTAMA
MNCN,UTAMA
MPMX,UTAMA
MPPA,PENGEMBANGAN
MRAT,PENGEMBANGAN
MREI,UTAMA
MSKY,PENGEMBANGAN
MTDL,UTAMA
MTFN,PEMANTAUAN KHUSUS
MTLA,UTAMA
MTSM,PEMANTAUAN KHUSUS
MYOH,PENGEMBANGAN
MYOR,UTAMA
MYTX,PEMANTAUAN KHUSUS
NELY,PENGEMBANGAN
NIKL,PENGEMBANGAN
NIRO,PENGEMBANGAN
NISP,UTAMA
NOBU,PENGEMBANGAN
NRCA,PEMANTAUAN KHUSUS
OCAP,PEMANTAUAN KHUSUS
OKAS,PENGEMBANGAN
OMRE,PEMANTAUAN KHUSUS
PADI,PENGEMBANGAN
PALM,PENGEMBANGAN
PANR,UTAMA
PANS,UTAMA
PBRX,PEMANTAUAN KHUSUS
PDES,PENGEMBANGAN
PEGE,PENGEMBANGAN
PGAS,UTAMA
PGLI,PENGEMBANGAN
PICO,PENGEMBANGAN
PJAA,PENGEMBANGAN
PKPK,PENGEMBANGAN
PLAS,PEMANTAUAN KHUSUS
PLIN,PEMANTAUAN KHUSUS
PNBN,UTAMA
PNBS,PENGEMBANGAN
PNIN,UTAMA
PNLF,UTAMA
PNSE,PENGEMBANGAN
POLY,PEMANTAUAN KHUSUS
POOL,PEMANTAUAN KHUSUS
PPRO,PEMANTAUAN KHUSUS
PSAB,PENGEMBANGAN
PSDN,PENGEMBANGAN
PSKT,PEMANTAUAN KHUSUS
PTBA,UTAMA
PTIS,PENGEMBANGAN
PTPP,UTAMA
PTRO,UTAMA
PTSN,PENGEMBANGAN
PTSP,PENGEMBANGAN
PUDP,PEMANTAUAN KHUSUS
PWON,UTAMA
PYFA,PENGEMBANGAN
RAJA,UTAMA
RALS,UTAMA
RANC,PENGEMBANGAN
RBMS,PEMANTAUAN KHUSUS
RDTX,PENGEMBANGAN
RELI,PENGEMBANGAN
RICY,PEMANTAUAN KHUSUS
RIGS,PENGEMBANGAN
RIMO,PEMANTAUAN KHUSUS
RODA,PEMANTAUAN KHUSUS
ROTI,PENGEMBANGAN
RUIS,PENGEMBANGAN
SAFE,PENGEMBANGAN
SAME,UTAMA
SCCO,PENGEMBANGAN
SCMA,UTAMA
SCPI,PEMANTAUAN KHUSUS
SDMU,PENGEMBANGAN
SDPC,PENGEMBANGAN
SDRA,PENGEMBANGAN
SGRO,UTAMA
SHID,PENGEMBANGAN
SIDO,UTAMA
SILO,UTAMA
SIMA,PEMANTAUAN KHUSUS
SIMP,UTAMA
SIPD,PEMANTAUAN KHUSUS
SKBM,PENGEMBANGAN
SKLT,PENGEMBANGAN
SKYB,PEMANTAUAN KHUSUS
SMAR,UTAMA
SMBR,UTAMA
SMCB,PEMANTAUAN KHUSUS
SMDM,PENGEMBANGAN
SMDR,UTAMA
SMGR,UTAMA
SMMA,UTAMA
SMMT,PENGEMBANGAN
SMRA,UTAMA
SMRU,PEMANTAUAN KHUSUS
SMSM,UTAMA
SOCI,PENGEMBANGAN
SONA,PENGEMBANGAN
SPMA,PENGEMBANGAN
SQMI,PEMANTAUAN KHUSUS
SRAJ,PENGEMBANGAN
SRIL,PEMANTAUAN KHUSUS
SRSN,PENGEMBANGAN
SRTG,UTAMA
SSIA,UTAMA
SSMS,UTAMA
SSTM,PENGEMBANGAN
STAR,PEMANTAUAN KHUSUS
STTP,PENGEMBANGAN
SUGI,PEMANTAUAN KHUSUS
SULI,PENGEMBANGAN
SUPR,PEMANTAUAN KHUSUS
TALF,PENGEMBANGAN
TARA,PEMANTAUAN KHUSUS
TAXI,PEMANTAUAN KHUSUS
TBIG,UTAMA
TBLA,UTAMA
TBMS,PENGEMBANGAN
TCID,PENGEMBANGAN
TELE,PEMANTAUAN KHUSUS
TFCO,PEMANTAUAN KHUSUS
TGKA,PENGEMBANGAN
TIFA,PENGEMBANGAN
TINS,UTAMA
TIRA,PENGEMBANGAN
TIRT,PEMANTAUAN KHUSUS
TKIM,UTAMA
TLKM,UTAMA
TMAS,UTAMA
TMPO,PENGEMBANGAN
TOBA,UTAMA
TOTL,UTAMA
TOTO,PENGEMBANGAN
TOWR,UTAMA
TPIA,PENGEMBANGAN
TPMA,UTAMA
TRAM,PEMANTAUAN KHUSUS
TRIL,PEMANTAUAN KHUSUS
TRIM,UTAMA
TRIO,PEMANTAUAN KHUSUS
TRIS,PENGEMBANGAN
TRST,PENGEMBANGAN
TRUS,PENGEMBANGAN
TSPC,UTAMA
ULTJ,UTAMA
UNIC,UTAMA
UNIT,PENGEMBANGAN
UNSP,PEMANTAUAN KHUSUS
UNTR,UTAMA
UNVR,UTAMA
VICO,UTAMA
VINS,PENGEMBANGAN
VIVA,PEMANTAUAN KHUSUS
VOKS,PENGEMBANGAN
VRNA,PENGEMBANGAN
WAPO,PENGEMBANGAN
WEHA,PENGEMBANGAN
WICO,PEMANTAUAN KHUSUS
WIIM,UTAMA
WIKA,PEMANTAUAN KHUSUS
WINS,UTAMA
WOMF,PENGEMBANGAN
WSKT,PEMANTAUAN KHUSUS
WTON,UTAMA
YPAS,PENGEMBANGAN
YULE,PENGEMBANGAN
ZBRA,PEMANTAUAN KHUSUS
SHIP,UTAMA
CASA,PENGEMBANGAN
DAYA,PENGEMBANGAN
DPUM,PENGEMBANGAN
IDPR,PENGEMBANGAN
JGLE,PEMANTAUAN KHUSUS
KINO,PENGEMBANGAN
MARI,PEMANTAUAN KHUSUS
MKNT,PEMANTAUAN KHUSUS
MTRA,PEMANTAUAN KHUSUS
OASA,PENGEMBANGAN
POWR,UTAMA
INCF,PEMANTAUAN KHUSUS
WSBP,PEMANTAUAN KHUSUS
PBSA,PENGEMBANGAN
PRDA,UTAMA
BOGA,PENGEMBANGAN
BRIS,UTAMA
PORT,PENGEMBANGAN
CARS,UTAMA
MINA,PENGEMBANGAN
CLEO,UTAMA
TAMU,PEMANTAUAN KHUSUS
CSIS,PENGEMBANGAN
TGRA,PEMANTAUAN KHUSUS
FIRE,PENGEMBANGAN
TOPS,PEMANTAUAN KHUSUS
KMTR,PENGEMBANGAN
ARMY,PEMANTAUAN KHUSUS
MAPB,PENGEMBANGAN
WOOD,UTAMA
HRTA,UTAMA
MABA,PEMANTAUAN KHUSUS
HOKI,PENGEMBANGAN
MPOW,PENGEMBANGAN
MARK,UTAMA
NASA,PEMANTAUAN KHUSUS
MDKI,PENGEMBANGAN
BELL,PENGEMBANGAN
KIOS,PENGEMBANGAN
GMFI,PEMANTAUAN KHUSUS
MTWI,PENGEMBANGAN
ZINC,PEMANTAUAN KHUSUS
MCAS,UTAMA
PPRE,PENGEMBANGAN
WEGE,PENGEMBANGAN
PSSI,UTAMA
MORA,UTAMA
DWGL,PENGEMBANGAN
PBID,UTAMA
JMAS,PENGEMBANGAN
CAMP,PENGEMBANGAN
IPCM,UTAMA
PCAR,PEMANTAUAN KHUSUS
LCKM,PENGEMBANGAN
BOSS,PEMANTAUAN KHUSUS
HELI,PENGEMBANGAN
JSKY,PEMANTAUAN KHUSUS
INPS,PEMANTAUAN KHUSUS
GHON,PENGEMBANGAN
TDPM,PEMANTAUAN KHUSUS
DFAM,PENGEMBANGAN
NICK,PENGEMBANGAN
BTPS,UTAMA
SPTO,UTAMA
PRIM,PENGEMBANGAN
HEAL,UTAMA
TRUK,PENGEMBANGAN
PZZA,PENGEMBANGAN
TUGU,UTAMA
MSIN,UTAMA
SWAT,PEMANTAUAN KHUSUS
TNCA,PENGEMBANGAN
MAPA,UTAMA
TCPI,PENGEMBANGAN
IPCC,UTAMA
RISE,PENGEMBANGAN
BPTR,PENGEMBANGAN
POLL,PEMANTAUAN KHUSUS
NFCX,PENGEMBANGAN
MGRO,PENGEMBANGAN
NUSA,PEMANTAUAN KHUSUS
FILM,PEMANTAUAN KHUSUS
ANDI,PEMANTAUAN KHUSUS
LAND,PEMANTAUAN KHUSUS
MOLI,PENGEMBANGAN
PANI,UTAMA
DIGI,PEMANTAUAN KHUSUS
CITY,PENGEMBANGAN
SAPX,PENGEMBANGAN
SURE,PENGEMBANGAN
HKMU,PEMANTAUAN KHUSUS
MPRO,PEMANTAUAN KHUSUS
DUCK,PEMANTAUAN KHUSUS
GOOD,UTAMA
SKRN,UTAMA
YELO,PENGEMBANGAN
CAKK,PENGEMBANGAN
SATU,PENGEMBANGAN
SOSS,PEMANTAUAN KHUSUS
DEAL,PEMANTAUAN KHUSUS
POLA,PEMANTAUAN KHUSUS
DIVA,PENGEMBANGAN
LUCK,PENGEMBANGAN
URBN,PENGEMBANGAN
SOTS,PENGEMBANGAN
ZONE,PENGEMBANGAN
PEHA,PENGEMBANGAN
FOOD,PEMANTAUAN KHUSUS
BEEF,PENGEMBANGAN
POLI,PEMANTAUAN KHUSUS
CLAY,PENGEMBANGAN
NATO,PENGEMBANGAN
JAYA,PENGEMBANGAN
COCO,PENGEMBANGAN
MTPS,PEMANTAUAN KHUSUS
CPRI,PEMANTAUAN KHUSUS
HRME,PEMANTAUAN KHUSUS
POSA,PEMANTAUAN KHUSUS
JAST,PENGEMBANGAN
FITT,PENGEMBANGAN
BOLA,UTAMA
CCSI,PENGEMBANGAN
SFAN,PENGEMBANGAN
POLU,PENGEMBANGAN
KJEN,PENGEMBANGAN
KAYU,PEMANTAUAN KHUSUS
ITIC,PENGEMBANGAN
PAMG,PENGEMBANGAN
IPTV,PEMANTAUAN KHUSUS
BLUE,PENGEMBANGAN
ENVY,PEMANTAUAN KHUSUS
EAST,PENGEMBANGAN
LIFE,PENGEMBANGAN
FUJI,PENGEMBANGAN
KOTA,PEMANTAUAN KHUSUS
INOV,PENGEMBANGAN
ARKA,PEMANTAUAN KHUSUS
SMKL,PENGEMBANGAN
HDIT,PENGEMBANGAN
KEEN,UTAMA
BAPI,PEMANTAUAN KHUSUS
TFAS,PENGEMBANGAN
GGRP,PENGEMBANGAN
OPMS,PENGEMBANGAN
NZIA,PENGEMBANGAN
SLIS,PENGEMBANGAN
PURE,PEMANTAUAN KHUSUS
IRRA,PENGEMBANGAN
DMMX,PENGEMBANGAN
SINI,PEMANTAUAN KHUSUS
WOWS,PENGEMBANGAN
ESIP,PENGEMBANGAN
TEBE,UTAMA
KEJU,UTAMA
PSGO,UTAMA
AGAR,PENGEMBANGAN
IFSH,PENGEMBANGAN
REAL,PENGEMBANGAN
IFII,PENGEMBANGAN
PMJS,PENGEMBANGAN
UCID,UTAMA
GLVA,PENGEMBANGAN
PGJO,AKSELERASI
AMAR,PENGEMBANGAN
CSRA,UTAMA
INDO,PENGEMBANGAN
AMOR,PENGEMBANGAN
TRIN,PENGEMBANGAN
DMND,PENGEMBANGAN
PURA,PEMANTAUAN KHUSUS
PTPW,PENGEMBANGAN
TAMA,PEMANTAUAN KHUSUS
IKAN,PENGEMBANGAN
SAMF,UTAMA
SBAT,PEMANTAUAN KHUSUS
KBAG,PEMANTAUAN KHUSUS
CBMF,PEMANTAUAN KHUSUS
RONY,PENGEMBANGAN
CSMI,PENGEMBANGAN
BBSS,PENGEMBANGAN
BHAT,PENGEMBANGAN
CASH,AKSELERASI
TECH,PEMANTAUAN KHUSUS
EPAC,PEMANTAUAN KHUSUS
UANG,PENGEMBANGAN
PGUN,PENGEMBANGAN
SOFA,AKSELERASI
PPGL,AKSELERASI
TOYS,PEMANTAUAN KHUSUS
SGER,UTAMA
TRJA,PENGEMBANGAN
PNGO,UTAMA
SCNP,PENGEMBANGAN
BBSI,UTAMA
KMDS,PENGEMBANGAN
PURI,PENGEMBANGAN
SOHO,PENGEMBANGAN
HOMI,PENGEMBANGAN
ROCK,PENGEMBANGAN
ENZO,PEMANTAUAN KHUSUS
PLAN,AKSELERASI
PTDU,PEMANTAUAN KHUSUS
ATAP,PEMANTAUAN KHUSUS
VICI,UTAMA
PMMP,PEMANTAUAN KHUSUS
BANK,PENGEMBANGAN
WMUU,PEMANTAUAN KHUSUS
EDGE,PENGEMBANGAN
UNIQ,UTAMA
BEBS,PEMANTAUAN KHUSUS
SNLK,PENGEMBANGAN
ZYRX,PENGEMBANGAN
LFLO,AKSELERASI
FIMP,PEMANTAUAN KHUSUS
TAPG,UTAMA
NPGF,PENGEMBANGAN
LUCY,PEMANTAUAN KHUSUS
ADCP,PENGEMBANGAN
HOPE,PENGEMBANGAN
MGLV,AKSELERASI
TRUE,PENGEMBANGAN
LABA,PENGEMBANGAN
ARCI,PENGEMBANGAN
IPAC,AKSELERASI
MASB,PENGEMBANGAN
BMHS,UTAMA
FLMC,AKSELERASI
NICL,PENGEMBANGAN
UVCR,PENGEMBANGAN
BUKA,EKONOMI BARU
HAIS,PENGEMBANGAN
OILS,PENGEMBANGAN
GPSO,PENGEMBANGAN
MCOL,UTAMA
RSGK,PEMANTAUAN KHUSUS
RUNS,AKSELERASI
SBMA,PENGEMBANGAN
CMNT,PENGEMBANGAN
GTSI,UTAMA
IDEA,AKSELERASI
KUAS,PENGEMBANGAN
BOBA,PENGEMBANGAN
MTEL,UTAMA
DEPO,PENGEMBANGAN
BINO,PENGEMBANGAN
CMRY,UTAMA
WGSH,AKSELERASI
TAYS,PENGEMBANGAN
WMPP,PEMANTAUAN KHUSUS
RMKE,UTAMA
OBMD,PENGEMBANGAN
AVIA,UTAMA
IPPE,PEMANTAUAN KHUSUS
NASI,PENGEMBANGAN
BSML,PENGEMBANGAN
DRMA,UTAMA
ADMR,UTAMA
SEMA,PENGEMBANGAN
ASLC,PENGEMBANGAN
NETV,PENGEMBANGAN
BAUT,PEMANTAUAN KHUSUS
ENAK,PENGEMBANGAN
NTBK,PENGEMBANGAN
SMKM,AKSELERASI
STAA,UTAMA
NANO,AKSELERASI
BIKE,PENGEMBANGAN
WIRG,PENGEMBANGAN
SICO,PENGEMBANGAN
GOTO,EKONOMI BARU
TLDN,PENGEMBANGAN
MTMH,UTAMA
WINR,PEMANTAUAN KHUSUS
IBOS,AKSELERASI
OLIV,AKSELERASI
ASHA,PENGEMBANGAN
SWID,PENGEMBANGAN
TRGU,UTAMA
ARKO,PEMANTAUAN KHUSUS
CHEM,PENGEMBANGAN
DEWI,PENGEMBANGAN
AXIO,PENGEMBANGAN
KRYA,PENGEMBANGAN
HATM,UTAMA
RCCC,AKSELERASI
GULA,PENGEMBANGAN
JARR,UTAMA
AMMS,AKSELERASI
RAFI,PEMANTAUAN KHUSUS
KKES,PEMANTAUAN KHUSUS
ELPI,UTAMA
EURO,AKSELERASI
KLIN,AKSELERASI
TOOL,PENGEMBANGAN
BUAH,PENGEMBANGAN
CRAB,PENGEMBANGAN
MEDS,PENGEMBANGAN
COAL,PENGEMBANGAN
PRAY,PENGEMBANGAN
CBUT,PENGEMBANGAN
BELI,EKONOMI BARU
MKTR,UTAMA
OMED,UTAMA
BSBK,PENGEMBANGAN
PDPP,PENGEMBANGAN
KDTN,PENGEMBANGAN
ZATA,PENGEMBANGAN
NINE,AKSELERASI
MMIX,PENGEMBANGAN
PADA,PEMANTAUAN KHUSUS
ISAP,AKSELERASI
VTNY,PENGEMBANGAN
SOUL,AKSELERASI
ELIT,PENGEMBANGAN
BEER,PENGEMBANGAN
CBPE,PENGEMBANGAN
SUNI,UTAMA
CBRE,PENGEMBANGAN
WINE,PENGEMBANGAN
BMBL,AKSELERASI
PEVE,PENGEMBANGAN
LAJU,PENGEMBANGAN
FWCT,PENGEMBANGAN
NAYZ,AKSELERASI
IRSX,PENGEMBANGAN
PACK,AKSELERASI
VAST,PENGEMBANGAN
CHIP,AKSELERASI
HALO,PENGEMBANGAN
KING,AKSELERASI
PGEO,UTAMA
FUTR,PENGEMBANGAN
HILL,UTAMA
BDKR,UTAMA
PTMP,PENGEMBANGAN
SAGE,PEMANTAUAN KHUSUS
TRON,PENGEMBANGAN
CUAN,UTAMA
NSSS,PENGEMBANGAN
GTRA,PENGEMBANGAN
HAJJ,AKSELERASI
JATI,PENGEMBANGAN
TYRE,PENGEMBANGAN
MPXL,PENGEMBANGAN
SMIL,UTAMA
KLAS,PENGEMBANGAN
MAXI,PENGEMBANGAN
VKTR,PENGEMBANGAN
RELF,AKSELERASI
AMMN,UTAMA
CRSN,PENGEMBANGAN
GRPM,AKSELERASI
WIDI,AKSELERASI
TGUK,PEMANTAUAN KHUSUS
INET,PEMANTAUAN KHUSUS
MAHA,UTAMA
RMKO,PENGEMBANGAN
CNMA,PENGEMBANGAN
FOLK,PENGEMBANGAN
HBAT,AKSELERASI
GRIA,PENGEMBANGAN
PPRI,PENGEMBANGAN
ERAL,UTAMA
CYBR,PENGEMBANGAN
MUTU,PENGEMBANGAN
LMAX,AKSELERASI
HUMI,PENGEMBANGAN
MSIE,AKSELERASI
RSCH,PENGEMBANGAN
BABY,PENGEMBANGAN
AEGS,AKSELERASI
IOTF,PENGEMBANGAN
KOCI,PENGEMBANGAN
PTPS,PENGEMBANGAN
BREN,UTAMA
STRK,PENGEMBANGAN
KOKA,PENGEMBANGAN
LOPI,AKSELERASI
UDNG,AKSELERASI
RGAS,PENGEMBANGAN
MSTI,UTAMA
IKPM,PENGEMBANGAN
AYAM,PEMANTAUAN KHUSUS
SURI,PENGEMBANGAN
ASLI,PEMANTAUAN KHUSUS
GRPH,PENGEMBANGAN
SMGA,PENGEMBANGAN
UNTD,PENGEMBANGAN
TOSK,PENGEMBANGAN
MPIX,PENGEMBANGAN
ALII,UTAMA
MKAP,PENGEMBANGAN
MEJA,AKSELERASI
LIVE,PENGEMBANGAN
HYGN,PENGEMBANGAN
BAIK,PENGEMBANGAN
VISI,PENGEMBANGAN
AREA,PENGEMBANGAN
MHKI,PENGEMBANGAN
ATLA,PENGEMBANGAN
DATA,PENGEMBANGAN
SOLA,PENGEMBANGAN
BATR,PENGEMBANGAN
SPRE,AKSELERASI
PART,PENGEMBANGAN
GOLF,UTAMA
ISEA,PENGEMBANGAN
BLES,PENGEMBANGAN
GUNA,PENGEMBANGAN
LABS,PENGEMBANGAN
DOSS,PENGEMBANGAN
NEST,PENGEMBANGAN
PTMR,PEMANTAUAN KHUSUS
VERN,PENGEMBANGAN
DAAZ,UTAMA
BOAT,PENGEMBANGAN
NAIK,PENGEMBANGAN
AADI,UTAMA
MDIY,UTAMA
KSIX,PENGEMBANGAN
RATU,PENGEMBANGAN
YOII,PENGEMBANGAN
HGII,PENGEMBANGAN
BRRC,PENGEMBANGAN
DGWG,UTAMA
CBDK,UTAMA
OBAT,PENGEMBANGAN
MINE,UTAMA
ASPR,PENGEMBANGAN
PSAT,UTAMA
COIN,PENGEMBANGAN
CDIA,PENGEMBANGAN
BLOG,UTAMA
MERI,PENGEMBANGAN
CHEK,PENGEMBANGAN
PMUI,PENGEMBANGAN
EMAS,PENGEMBANGAN
PJHB,PENGEMBANGAN
RLCO,PENGEMBANGAN
KAQI,PENGEMBANGAN
YUPI,UTAMA
FORE,PENGEMBANGAN
MDLA,UTAMA
DKHH,PENGEMBANGAN
AYLS,PENGEMBANGAN
DADA,PENGEMBANGAN
ASPI,PENGEMBANGAN
ESTA,PENGEMBANGAN
BESS,PENGEMBANGAN
AMAN,PENGEMBANGAN
CARE,PENGEMBANGAN
PIPA,PENGEMBANGAN
NCKL,UTAMA
MENN,AKSELERASI
AWAN,PENGEMBANGAN
MBMA,UTAMA
RAAM,UTAMA
DOOH,PENGEMBANGAN
CGAS,PENGEMBANGAN
NICE,PENGEMBANGAN
MSJA,PENGEMBANGAN
SMLE,PENGEMBANGAN
ACRO,PENGEMBANGAN
MANG,AKSELERASI
WIFI,PENGEMBANGAN
FAPA,PENGEMBANGAN
DCII,PENGEMBANGAN
KETR,PENGEMBANGAN
DGNS,PENGEMBANGAN
UFOE,PENGEMBANGAN
